,Dti,Energy,Pi
0,LE,1.0,106
1,LE,1.1,118
2,LE,1.2,129
3,LE,1.3,141
4,LE,1.4,153
5,LE,1.5,165
6,LE,1.6,177
7,LE,1.7,189
8,LE,1.8,200
9,LE,1.9,212
10,LE,2.0,224
11,LE,2.1,236
12,LE,2.2,248
13,LE,2.3,259
14,LE,2.4,271
15,LE,2.5,283
16,LE,2.6,295
17,LE,2.7,307
18,LE,2.8,319
19,LE,2.9,330
20,LE,3.0,342
21,LE,3.1,354
22,LE,3.2,366
23,LE,3.3,378
24,LE,3.4,389
25,LE,3.5,401
26,LE,3.6,413
27,LE,3.7,425
28,LE,3.8,437
29,LE,3.9,448
30,LE,4.0,460
31,LE,4.1,472
32,LE,4.2,484
33,LE,4.3,496
34,LE,4.4,508
35,LE,4.5,519
36,LE,4.6,531
37,LE,4.7,543
38,LE,4.8,555
39,LE,4.9,567
40,LE,5.0,578
41,LE,5.1,590
42,LE,5.2,602
43,LE,5.3,614
44,LE,5.4,626
45,LE,5.5,638
46,LE,5.6,649
47,LE,5.7,661
48,LE,5.8,673
49,LE,5.9,685
50,LE,6.0,697
51,LE,6.1,708
52,LE,6.2,720
53,LE,6.3,732
54,LE,6.4,744
55,LE,6.5,756
56,LE,6.6,768
57,LE,6.7,779
58,LE,6.8,791
59,LE,6.9,803
60,LE,7.0,815
61,LE,7.1,827
62,LE,7.2,838
63,LE,7.3,850
64,LE,7.4,862
65,LE,7.5,874
66,LE,7.6,886
67,LE,7.7,897
68,LE,7.8,909
69,LE,7.9,921
70,LE,8.0,933
71,LE,8.1,945
72,LE,8.2,957
73,LE,8.3,968
74,LE,8.4,980
75,LE,8.5,992
76,LE,8.6,1004
77,LE,8.7,1016
78,LE,8.8,1027
79,LE,8.9,1039
80,LE,9.0,1051
81,LE,9.1,1063
82,LE,9.2,1075
83,LE,9.3,1087
84,LE,9.4,1098
85,LE,9.5,1110
86,LE,9.6,1122
87,LE,9.7,1134
88,LE,9.8,1146
89,LE,9.9,1157
90,LE,10.0,1169
91,ME,10.0,119
92,ME,10.1,121
93,ME,10.2,122
94,ME,10.3,124
95,ME,10.4,126
96,ME,10.5,127
97,ME,10.6,129
98,ME,10.7,131
99,ME,10.8,133
100,ME,10.9,134
101,ME,11.0,136
102,ME,11.1,138
103,ME,11.2,139
104,ME,11.3,141
105,ME,11.4,143
106,ME,11.5,145
107,ME,11.6,146
108,ME,11.7,148
109,ME,11.8,150
110,ME,11.9,151
111,ME,12.0,153
112,ME,12.1,155
113,ME,12.2,157
114,ME,12.3,158
115,ME,12.4,160
116,ME,12.5,162
117,ME,12.6,163
118,ME,12.7,165
119,ME,12.8,167
120,ME,12.9,168
121,ME,13.0,170
122,ME,13.1,172
123,ME,13.2,174
124,ME,13.3,175
125,ME,13.4,177
126,ME,13.5,179
127,ME,13.6,180
128,ME,13.7,182
129,ME,13.8,184
130,ME,13.9,186
131,ME,14.0,187
132,ME,14.1,189
133,ME,14.2,191
134,ME,14.3,192
135,ME,14.4,194
136,ME,14.5,196
137,ME,14.6,197
138,ME,14.7,199
139,ME,14.8,201
140,ME,14.9,203
141,ME,15.0,204
142,ME,15.1,206
143,ME,15.2,208
144,ME,15.3,209
145,ME,15.4,211
146,ME,15.5,213
147,ME,15.6,215
148,ME,15.7,216
149,ME,15.8,218
150,ME,15.9,220
151,ME,16.0,221
152,ME,16.1,223
153,ME,16.2,225
154,ME,16.3,226
155,ME,16.4,228
156,ME,16.5,230
157,ME,16.6,232
158,ME,16.7,233
159,ME,16.8,235
160,ME,16.9,237
161,ME,17.0,238
162,ME,17.1,240
163,ME,17.2,242
164,ME,17.3,244
165,ME,17.4,245
166,ME,17.5,247
167,ME,17.6,249
168,ME,17.7,250
169,ME,17.8,252
170,ME,17.9,254
171,ME,18.0,255
172,ME,18.1,257
173,ME,18.2,259
174,ME,18.3,261
175,ME,18.4,262
176,ME,18.5,264
177,ME,18.6,266
178,ME,18.7,267
179,ME,18.8,269
180,ME,18.9,271
181,ME,19.0,273
182,ME,19.1,274
183,ME,19.2,276
184,ME,19.3,278
185,ME,19.4,279
186,ME,19.5,281
187,ME,19.6,283
188,ME,19.7,285
189,ME,19.8,286
190,ME,19.9,288
191,ME,20.0,290
192,ME,20.1,291
193,ME,20.2,293
194,ME,20.3,295
195,ME,20.4,296
196,ME,20.5,298
197,ME,20.6,300
198,ME,20.7,302
199,ME,20.8,303
200,ME,20.9,305
201,ME,21.0,307
202,ME,21.1,308
203,ME,21.2,310
204,ME,21.3,312
205,ME,21.4,314
206,ME,21.5,315
207,ME,21.6,317
208,ME,21.7,319
209,ME,21.8,320
210,ME,21.9,322
211,ME,22.0,324
212,ME,22.1,325
213,ME,22.2,327
214,ME,22.3,329
215,ME,22.4,331
216,ME,22.5,332
217,ME,22.6,334
218,ME,22.7,336
219,ME,22.8,337
220,ME,22.9,339
221,ME,23.0,341
222,ME,23.1,343
223,ME,23.2,344
224,ME,23.3,346
225,ME,23.4,348
226,ME,23.5,349
227,ME,23.6,351
228,ME,23.7,353
229,ME,23.8,354
230,ME,23.9,356
231,ME,24.0,358
232,ME,24.1,360
233,ME,24.2,361
234,ME,24.3,363
235,ME,24.4,365
236,ME,24.5,366
237,ME,24.6,368
238,ME,24.7,370
239,ME,24.8,372
240,ME,24.9,373
241,ME,25.0,375
242,ME,25.1,377
243,ME,25.2,378
244,ME,25.3,380
245,ME,25.4,382
246,ME,25.5,383
247,ME,25.6,385
248,ME,25.7,387
249,ME,25.8,389
250,ME,25.9,390
251,ME,26.0,392
252,ME,26.1,394
253,ME,26.2,395
254,ME,26.3,397
255,ME,26.4,399
256,ME,26.5,401
257,ME,26.6,402
258,ME,26.7,404
259,ME,26.8,406
260,ME,26.9,407
261,ME,27.0,409
262,ME,27.1,411
263,ME,27.2,413
264,ME,27.3,414
265,ME,27.4,416
266,ME,27.5,418
267,ME,27.6,419
268,ME,27.7,421
269,ME,27.8,423
270,ME,27.9,424
271,ME,28.0,426
272,ME,28.1,428
273,ME,28.2,430
274,ME,28.3,431
275,ME,28.4,433
276,ME,28.5,435
277,ME,28.6,436
278,ME,28.7,438
279,ME,28.8,440
280,ME,28.9,442
281,ME,29.0,443
282,ME,29.1,445
283,ME,29.2,447
284,ME,29.3,448
285,ME,29.4,450
286,ME,29.5,452
287,ME,29.6,453
288,ME,29.7,455
289,ME,29.8,457
290,ME,29.9,459
291,ME,30.0,460
292,ME,30.1,462
293,ME,30.2,464
294,ME,30.3,465
295,ME,30.4,467
296,ME,30.5,469
297,ME,30.6,471
298,ME,30.7,472
299,ME,30.8,474
300,ME,30.9,476
301,ME,31.0,477
302,ME,31.1,479
303,ME,31.2,481
304,ME,31.3,482
305,ME,31.4,484
306,ME,31.5,486
307,ME,31.6,488
308,ME,31.7,489
309,ME,31.8,491
310,ME,31.9,493
311,ME,32.0,494
312,ME,32.1,496
313,ME,32.2,498
314,ME,32.3,500
315,ME,32.4,501
316,ME,32.5,503
317,ME,32.6,505
318,ME,32.7,506
319,ME,32.8,508
320,ME,32.9,510
321,ME,33.0,511
322,ME,33.1,513
323,ME,33.2,515
324,ME,33.3,517
325,ME,33.4,518
326,ME,33.5,520
327,ME,33.6,522
328,ME,33.7,523
329,ME,33.8,525
330,ME,33.9,527
331,ME,34.0,529
332,ME,34.1,530
333,ME,34.2,532
334,ME,34.3,534
335,ME,34.4,535
336,ME,34.5,537
337,ME,34.6,539
338,ME,34.7,541
339,ME,34.8,542
340,ME,34.9,544
341,ME,35.0,546
342,HE,27.0,8
343,HE,27.1,8
344,HE,27.2,8
345,HE,27.3,8
346,HE,27.4,8
347,HE,27.5,8
348,HE,27.6,8
349,HE,27.7,8
350,HE,27.8,8
351,HE,27.9,8
352,HE,28.0,8
353,HE,28.1,9
354,HE,28.2,9
355,HE,28.3,9
356,HE,28.4,9
357,HE,28.5,9
358,HE,28.6,9
359,HE,28.7,9
360,HE,28.8,9
361,HE,28.9,9
362,HE,29.0,9
363,HE,29.1,9
364,HE,29.2,9
365,HE,29.3,9
366,HE,29.4,9
367,HE,29.5,10
368,HE,29.6,10
369,HE,29.7,10
370,HE,29.8,10
371,HE,29.9,10
372,HE,30.0,10
373,HE,30.1,10
374,HE,30.2,10
375,HE,30.3,10
376,HE,30.4,10
377,HE,30.5,10
378,HE,30.6,10
379,HE,30.7,10
380,HE,30.8,10
381,HE,30.9,11
382,HE,31.0,11
383,HE,31.1,11
384,HE,31.2,11
385,HE,31.3,11
386,HE,31.4,11
387,HE,31.5,11
388,HE,31.6,11
389,HE,31.7,11
390,HE,31.8,11
391,HE,31.9,11
392,HE,32.0,11
393,HE,32.1,11
394,HE,32.2,11
395,HE,32.3,11
396,HE,32.4,12
397,HE,32.5,12
398,HE,32.6,12
399,HE,32.7,12
400,HE,32.8,12
401,HE,32.9,12
402,HE,33.0,12
403,HE,33.1,12
404,HE,33.2,12
405,HE,33.3,12
406,HE,33.4,12
407,HE,33.5,12
408,HE,33.6,12
409,HE,33.7,12
410,HE,33.8,13
411,HE,33.9,13
412,HE,34.0,13
413,HE,34.1,13
414,HE,34.2,13
415,HE,34.3,13
416,HE,34.4,13
417,HE,34.5,13
418,HE,34.6,13
419,HE,34.7,13
420,HE,34.8,13
421,HE,34.9,13
422,HE,35.0,13
423,HE,35.1,13
424,HE,35.2,13
425,HE,35.3,14
426,HE,35.4,14
427,HE,35.5,14
428,HE,35.6,14
429,HE,35.7,14
430,HE,35.8,14
431,HE,35.9,14
432,HE,36.0,14
433,HE,36.1,14
434,HE,36.2,14
435,HE,36.3,14
436,HE,36.4,14
437,HE,36.5,14
438,HE,36.6,14
439,HE,36.7,15
440,HE,36.8,15
441,HE,36.9,15
442,HE,37.0,15
443,HE,37.1,15
444,HE,37.2,15
445,HE,37.3,15
446,HE,37.4,15
447,HE,37.5,15
448,HE,37.6,15
449,HE,37.7,15
450,HE,37.8,15
451,HE,37.9,15
452,HE,38.0,15
453,HE,38.1,15
454,HE,38.2,16
455,HE,38.3,16
456,HE,38.4,16
457,HE,38.5,16
458,HE,38.6,16
459,HE,38.7,16
460,HE,38.8,16
461,HE,38.9,16
462,HE,39.0,16
463,HE,39.1,16
464,HE,39.2,16
465,HE,39.3,16
466,HE,39.4,16
467,HE,39.5,16
468,HE,39.6,17
469,HE,39.7,17
470,HE,39.8,17
471,HE,39.9,17
472,HE,40.0,17
473,HE,40.1,17
474,HE,40.2,17
475,HE,40.3,17
476,HE,40.4,17
477,HE,40.5,17
478,HE,40.6,17
479,HE,40.7,17
480,HE,40.8,17
481,HE,40.9,17
482,HE,41.0,17
483,HE,41.1,18
484,HE,41.2,18
485,HE,41.3,18
486,HE,41.4,18
487,HE,41.5,18
488,HE,41.6,18
489,HE,41.7,18
490,HE,41.8,18
491,HE,41.9,18
492,HE,42.0,18
493,HE,42.1,18
494,HE,42.2,18
495,HE,42.3,18
496,HE,42.4,18
497,HE,42.5,19
498,HE,42.6,19
499,HE,42.7,19
500,HE,42.8,19
501,HE,42.9,19
502,HE,43.0,19
503,HE,43.1,19
504,HE,43.2,19
505,HE,43.3,19
506,HE,43.4,19
507,HE,43.5,19
508,HE,43.6,19
509,HE,43.7,19
510,HE,43.8,19
511,HE,43.9,19
512,HE,44.0,20
513,HE,44.1,20
514,HE,44.2,20
515,HE,44.3,20
516,HE,44.4,20
517,HE,44.5,20
518,HE,44.6,20
519,HE,44.7,20
520,HE,44.8,20
521,HE,44.9,20
522,HE,45.0,20
523,HE,45.1,20
524,HE,45.2,20
525,HE,45.3,20
526,HE,45.4,21
527,HE,45.5,21
528,HE,45.6,21
529,HE,45.7,21
530,HE,45.8,21
531,HE,45.9,21
532,HE,46.0,21
533,HE,46.1,21
534,HE,46.2,21
535,HE,46.3,21
536,HE,46.4,21
537,HE,46.5,21
538,HE,46.6,21
539,HE,46.7,21
540,HE,46.8,22
541,HE,46.9,22
542,HE,47.0,22
543,HE,47.1,22
544,HE,47.2,22
545,HE,47.3,22
546,HE,47.4,22
547,HE,47.5,22
548,HE,47.6,22
549,HE,47.7,22
550,HE,47.8,22
551,HE,47.9,22
552,HE,48.0,22
553,HE,48.1,22
554,HE,48.2,22
555,HE,48.3,23
556,HE,48.4,23
557,HE,48.5,23
558,HE,48.6,23
559,HE,48.7,23
560,HE,48.8,23
561,HE,48.9,23
562,HE,49.0,23
563,HE,49.1,23
564,HE,49.2,23
565,HE,49.3,23
566,HE,49.4,23
567,HE,49.5,23
568,HE,49.6,23
569,HE,49.7,24
570,HE,49.8,24
571,HE,49.9,24
572,HE,50.0,24
573,HE,50.1,24
574,HE,50.2,24
575,HE,50.3,24
576,HE,50.4,24
577,HE,50.5,24
578,HE,50.6,24
579,HE,50.7,24
580,HE,50.8,24
581,HE,50.9,24
582,HE,51.0,24
583,HE,51.1,24
584,HE,51.2,25
585,HE,51.3,25
586,HE,51.4,25
587,HE,51.5,25
588,HE,51.6,25
589,HE,51.7,25
590,HE,51.8,25
591,HE,51.9,25
592,HE,52.0,25
593,HE,52.1,25
594,HE,52.2,25
595,HE,52.3,25
596,HE,52.4,25
597,HE,52.5,25
598,HE,52.6,26
599,HE,52.7,26
600,HE,52.8,26
601,HE,52.9,26
602,HE,53.0,26
603,HE,53.1,26
604,HE,53.2,26
605,HE,53.3,26
606,HE,53.4,26
607,HE,53.5,26
608,HE,53.6,26
609,HE,53.7,26
610,HE,53.8,26
611,HE,53.9,26
612,HE,54.0,26
613,HE,54.1,27
614,HE,54.2,27
615,HE,54.3,27
616,HE,54.4,27
617,HE,54.5,27
618,HE,54.6,27
619,HE,54.7,27
620,HE,54.8,27
621,HE,54.9,27
622,HE,55.0,27
623,HE,55.1,27
624,HE,55.2,27
625,HE,55.3,27
626,HE,55.4,27
627,HE,55.5,28
628,HE,55.6,28
629,HE,55.7,28
630,HE,55.8,28
631,HE,55.9,28
632,HE,56.0,28
633,HE,56.1,28
634,HE,56.2,28
635,HE,56.3,28
636,HE,56.4,28
637,HE,56.5,28
638,HE,56.6,28
639,HE,56.7,28
640,HE,56.8,28
641,HE,56.9,28
642,HE,57.0,29
643,HE,57.1,29
644,HE,57.2,29
645,HE,57.3,29
646,HE,57.4,29
647,HE,57.5,29
648,HE,57.6,29
649,HE,57.7,29
650,HE,57.8,29
651,HE,57.9,29
652,HE,58.0,29
653,HE,58.1,29
654,HE,58.2,29
655,HE,58.3,29
656,HE,58.4,30
657,HE,58.5,30
658,HE,58.6,30
659,HE,58.7,30
660,HE,58.8,30
661,HE,58.9,30
662,HE,59.0,30
663,HE,59.1,30
664,HE,59.2,30
665,HE,59.3,30
666,HE,59.4,30
667,HE,59.5,30
668,HE,59.6,30
669,HE,59.7,30
670,HE,59.8,30
671,HE,59.9,31
672,HE,60.0,31
673,HE,60.1,31
674,HE,60.2,31
675,HE,60.3,31
676,HE,60.4,31
677,HE,60.5,31
678,HE,60.6,31
679,HE,60.7,31
680,HE,60.8,31
681,HE,60.9,31
682,HE,61.0,31
683,HE,61.1,31
684,HE,61.2,31
685,HE,61.3,32
686,HE,61.4,32
687,HE,61.5,32
688,HE,61.6,32
689,HE,61.7,32
690,HE,61.8,32
691,HE,61.9,32
692,HE,62.0,32
693,HE,62.1,32
694,HE,62.2,32
695,HE,62.3,32
696,HE,62.4,32
697,HE,62.5,32
698,HE,62.6,32
699,HE,62.7,33
700,HE,62.8,33
701,HE,62.9,33
702,HE,63.0,33
703,HE,63.1,33
704,HE,63.2,33
705,HE,63.3,33
706,HE,63.4,33
707,HE,63.5,33
708,HE,63.6,33
709,HE,63.7,33
710,HE,63.8,33
711,HE,63.9,33
712,HE,64.0,33
713,HE,64.1,33
714,HE,64.2,34
715,HE,64.3,34
716,HE,64.4,34
717,HE,64.5,34
718,HE,64.6,34
719,HE,64.7,34
720,HE,64.8,34
721,HE,64.9,34
722,HE,65.0,34
723,HE,65.1,34
724,HE,65.2,34
725,HE,65.3,34
726,HE,65.4,34
727,HE,65.5,34
728,HE,65.6,35
729,HE,65.7,35
730,HE,65.8,35
731,HE,65.9,35
732,HE,66.0,35
733,HE,66.1,35
734,HE,66.2,35
735,HE,66.3,35
736,HE,66.4,35
737,HE,66.5,35
738,HE,66.6,35
739,HE,66.7,35
740,HE,66.8,35
741,HE,66.9,35
742,HE,67.0,35
743,HE,67.1,36
744,HE,67.2,36
745,HE,67.3,36
746,HE,67.4,36
747,HE,67.5,36
748,HE,67.6,36
749,HE,67.7,36
750,HE,67.8,36
751,HE,67.9,36
752,HE,68.0,36
753,HE,68.1,36
754,HE,68.2,36
755,HE,68.3,36
756,HE,68.4,36
757,HE,68.5,37
758,HE,68.6,37
759,HE,68.7,37
760,HE,68.8,37
761,HE,68.9,37
762,HE,69.0,37
763,HE,69.1,37
764,HE,69.2,37
765,HE,69.3,37
766,HE,69.4,37
767,HE,69.5,37
768,HE,69.6,37
769,HE,69.7,37
770,HE,69.8,37
771,HE,69.9,37
772,HE,70.0,38
773,HE,70.1,38
774,HE,70.2,38
775,HE,70.3,38
776,HE,70.4,38
777,HE,70.5,38
778,HE,70.6,38
779,HE,70.7,38
780,HE,70.8,38
781,HE,70.9,38
782,HE,71.0,38
783,HE,71.1,38
784,HE,71.2,38
785,HE,71.3,38
786,HE,71.4,39
787,HE,71.5,39
788,HE,71.6,39
789,HE,71.7,39
790,HE,71.8,39
791,HE,71.9,39
792,HE,72.0,39
793,HE,72.1,39
794,HE,72.2,39
795,HE,72.3,39
796,HE,72.4,39
797,HE,72.5,39
798,HE,72.6,39
799,HE,72.7,39
800,HE,72.8,39
801,HE,72.9,40
802,HE,73.0,40
803,HE,73.1,40
804,HE,73.2,40
805,HE,73.3,40
806,HE,73.4,40
807,HE,73.5,40
808,HE,73.6,40
809,HE,73.7,40
810,HE,73.8,40
811,HE,73.9,40
812,HE,74.0,40
813,HE,74.1,40
814,HE,74.2,40
815,HE,74.3,41
816,HE,74.4,41
817,HE,74.5,41
818,HE,74.6,41
819,HE,74.7,41
820,HE,74.8,41
821,HE,74.9,41
822,HE,75.0,41
823,HE,75.1,41
824,HE,75.2,41
825,HE,75.3,41
826,HE,75.4,41
827,HE,75.5,41
828,HE,75.6,41
829,HE,75.7,41
830,HE,75.8,42
831,HE,75.9,42
832,HE,76.0,42
833,HE,76.1,42
834,HE,76.2,42
835,HE,76.3,42
836,HE,76.4,42
837,HE,76.5,42
838,HE,76.6,42
839,HE,76.7,42
840,HE,76.8,42
841,HE,76.9,42
842,HE,77.0,42
843,HE,77.1,42
844,HE,77.2,43
845,HE,77.3,43
846,HE,77.4,43
847,HE,77.5,43
848,HE,77.6,43
849,HE,77.7,43
850,HE,77.8,43
851,HE,77.9,43
852,HE,78.0,43
853,HE,78.1,43
854,HE,78.2,43
855,HE,78.3,43
856,HE,78.4,43
857,HE,78.5,43
858,HE,78.6,44
859,HE,78.7,44
860,HE,78.8,44
861,HE,78.9,44
862,HE,79.0,44
863,HE,79.1,44
864,HE,79.2,44
865,HE,79.3,44
866,HE,79.4,44
867,HE,79.5,44
868,HE,79.6,44
869,HE,79.7,44
870,HE,79.8,44
871,HE,79.9,44
872,HE,80.0,44
873,HE,80.1,45
874,HE,80.2,45
875,HE,80.3,45
876,HE,80.4,45
877,HE,80.5,45
878,HE,80.6,45
879,HE,80.7,45
880,HE,80.8,45
881,HE,80.9,45
882,HE,81.0,45
883,HE,81.1,45
884,HE,81.2,45
885,HE,81.3,45
886,HE,81.4,45
887,HE,81.5,46
888,HE,81.6,46
889,HE,81.7,46
890,HE,81.8,46
891,HE,81.9,46
892,HE,82.0,46
893,HE,82.1,46
894,HE,82.2,46
895,HE,82.3,46
896,HE,82.4,46
897,HE,82.5,46
898,HE,82.6,46
899,HE,82.7,46
900,HE,82.8,46
901,HE,82.9,46
902,HE,83.0,47
903,HE,83.1,47
904,HE,83.2,47
905,HE,83.3,47
906,HE,83.4,47
907,HE,83.5,47
908,HE,83.6,47
909,HE,83.7,47
910,HE,83.8,47
911,HE,83.9,47
912,HE,84.0,47
913,HE,84.1,47
914,HE,84.2,47
915,HE,84.3,47
916,HE,84.4,48
917,HE,84.5,48
918,HE,84.6,48
919,HE,84.7,48
920,HE,84.8,48
921,HE,84.9,48
922,HE,85.0,48
923,HE,85.1,48
924,HE,85.2,48
925,HE,85.3,48
926,HE,85.4,48
927,HE,85.5,48
928,HE,85.6,48
929,HE,85.7,48
930,HE,85.8,48
931,HE,85.9,49
932,HE,86.0,49
933,HE,86.1,49
934,HE,86.2,49
935,HE,86.3,49
936,HE,86.4,49
937,HE,86.5,49
938,HE,86.6,49
939,HE,86.7,49
940,HE,86.8,49
941,HE,86.9,49
942,HE,87.0,49
943,HE,87.1,49
944,HE,87.2,49
945,HE,87.3,50
946,HE,87.4,50
947,HE,87.5,50
948,HE,87.6,50
949,HE,87.7,50
950,HE,87.8,50
951,HE,87.9,50
952,HE,88.0,50
953,HE,88.1,50
954,HE,88.2,50
955,HE,88.3,50
956,HE,88.4,50
957,HE,88.5,50
958,HE,88.6,50
959,HE,88.7,50
960,HE,88.8,51
961,HE,88.9,51
962,HE,89.0,51
963,HE,89.1,51
964,HE,89.2,51
965,HE,89.3,51
966,HE,89.4,51
967,HE,89.5,51
968,HE,89.6,51
969,HE,89.7,51
970,HE,89.8,51
971,HE,89.9,51
972,HE,90.0,51
973,HE,90.1,51
974,HE,90.2,52
975,HE,90.3,52
976,HE,90.4,52
977,HE,90.5,52
978,HE,90.6,52
979,HE,90.7,52
980,HE,90.8,52
981,HE,90.9,52
982,HE,91.0,52
983,HE,91.1,52
984,HE,91.2,52
985,HE,91.3,52
986,HE,91.4,52
987,HE,91.5,52
988,HE,91.6,52
989,HE,91.7,53
990,HE,91.8,53
991,HE,91.9,53
992,HE,92.0,53
993,HE,92.1,53
994,HE,92.2,53
995,HE,92.3,53
996,HE,92.4,53
997,HE,92.5,53
998,HE,92.6,53
999,HE,92.7,53
1000,HE,92.8,53
1001,HE,92.9,53
1002,HE,93.0,53
1003,HE,93.1,54
1004,HE,93.2,54
1005,HE,93.3,54
1006,HE,93.4,54
1007,HE,93.5,54
1008,HE,93.6,54
1009,HE,93.7,54
1010,HE,93.8,54
1011,HE,93.9,54
1012,HE,94.0,54
1013,HE,94.1,54
1014,HE,94.2,54
1015,HE,94.3,54
1016,HE,94.4,54
1017,HE,94.5,55
1018,HE,94.6,55
1019,HE,94.7,55
1020,HE,94.8,55
1021,HE,94.9,55
1022,HE,95.0,55
1023,HE,95.1,55
1024,HE,95.2,55
1025,HE,95.3,55
1026,HE,95.4,55
1027,HE,95.5,55
1028,HE,95.6,55
1029,HE,95.7,55
1030,HE,95.8,55
1031,HE,95.9,55
1032,HE,96.0,56
1033,HE,96.1,56
1034,HE,96.2,56
1035,HE,96.3,56
1036,HE,96.4,56
1037,HE,96.5,56
1038,HE,96.6,56
1039,HE,96.7,56
1040,HE,96.8,56
1041,HE,96.9,56
1042,HE,97.0,56
1043,HE,97.1,56
1044,HE,97.2,56
1045,HE,97.3,56
1046,HE,97.4,57
1047,HE,97.5,57
1048,HE,97.6,57
1049,HE,97.7,57
1050,HE,97.8,57
1051,HE,97.9,57
1052,HE,98.0,57
1053,HE,98.1,57
1054,HE,98.2,57
1055,HE,98.3,57
1056,HE,98.4,57
1057,HE,98.5,57
1058,HE,98.6,57
1059,HE,98.7,57
1060,HE,98.8,57
1061,HE,98.9,58
1062,HE,99.0,58
1063,HE,99.1,58
1064,HE,99.2,58
1065,HE,99.3,58
1066,HE,99.4,58
1067,HE,99.5,58
1068,HE,99.6,58
1069,HE,99.7,58
1070,HE,99.8,58
1071,HE,99.9,58
1072,HE,100.0,58
1073,HE,100.1,58
1074,HE,100.2,58
1075,HE,100.3,59
1076,HE,100.4,59
1077,HE,100.5,59
1078,HE,100.6,59
1079,HE,100.7,59
1080,HE,100.8,59
1081,HE,100.9,59
1082,HE,101.0,59
1083,HE,101.1,59
1084,HE,101.2,59
1085,HE,101.3,59
1086,HE,101.4,59
1087,HE,101.5,59
1088,HE,101.6,59
1089,HE,101.7,59
1090,HE,101.8,60
1091,HE,101.9,60
1092,HE,102.0,60
1093,HE,102.1,60
1094,HE,102.2,60
1095,HE,102.3,60
1096,HE,102.4,60
1097,HE,102.5,60
1098,HE,102.6,60
1099,HE,102.7,60
1100,HE,102.8,60
1101,HE,102.9,60
1102,HE,103.0,60
1103,HE,103.1,60
1104,HE,103.2,61
1105,HE,103.3,61
1106,HE,103.4,61
1107,HE,103.5,61
1108,HE,103.6,61
1109,HE,103.7,61
1110,HE,103.8,61
1111,HE,103.9,61
1112,HE,104.0,61
1113,HE,104.1,61
1114,HE,104.2,61
1115,HE,104.3,61
1116,HE,104.4,61
1117,HE,104.5,61
1118,HE,104.6,61
1119,HE,104.7,62
1120,HE,104.8,62
1121,HE,104.9,62
1122,HE,105.0,62
1123,HE,105.1,62
1124,HE,105.2,62
1125,HE,105.3,62
1126,HE,105.4,62
1127,HE,105.5,62
1128,HE,105.6,62
1129,HE,105.7,62
1130,HE,105.8,62
1131,HE,105.9,62
1132,HE,106.0,62
1133,HE,106.1,63
1134,HE,106.2,63
1135,HE,106.3,63
1136,HE,106.4,63
1137,HE,106.5,63
1138,HE,106.6,63
1139,HE,106.7,63
1140,HE,106.8,63
1141,HE,106.9,63
1142,HE,107.0,63
1143,HE,107.1,63
1144,HE,107.2,63
1145,HE,107.3,63
1146,HE,107.4,63
1147,HE,107.5,64
1148,HE,107.6,64
1149,HE,107.7,64
1150,HE,107.8,64
1151,HE,107.9,64
1152,HE,108.0,64
1153,HE,108.1,64
1154,HE,108.2,64
1155,HE,108.3,64
1156,HE,108.4,64
1157,HE,108.5,64
1158,HE,108.6,64
1159,HE,108.7,64
1160,HE,108.8,64
1161,HE,108.9,64
1162,HE,109.0,65
1163,HE,109.1,65
1164,HE,109.2,65
1165,HE,109.3,65
1166,HE,109.4,65
1167,HE,109.5,65
1168,HE,109.6,65
1169,HE,109.7,65
1170,HE,109.8,65
1171,HE,109.9,65
1172,HE,110.0,65
1173,HE,110.1,65
1174,HE,110.2,65
1175,HE,110.3,65
1176,HE,110.4,66
1177,HE,110.5,66
1178,HE,110.6,66
1179,HE,110.7,66
1180,HE,110.8,66
1181,HE,110.9,66
1182,HE,111.0,66
1183,HE,111.1,66
1184,HE,111.2,66
1185,HE,111.3,66
1186,HE,111.4,66
1187,HE,111.5,66
1188,HE,111.6,66
1189,HE,111.7,66
1190,HE,111.8,66
1191,HE,111.9,67
1192,HE,112.0,67
1193,HE,112.1,67
1194,HE,112.2,67
1195,HE,112.3,67
1196,HE,112.4,67
1197,HE,112.5,67
1198,HE,112.6,67
1199,HE,112.7,67
1200,HE,112.8,67
1201,HE,112.9,67
1202,HE,113.0,67
1203,HE,113.1,67
1204,HE,113.2,67
1205,HE,113.3,68
1206,HE,113.4,68
1207,HE,113.5,68
1208,HE,113.6,68
1209,HE,113.7,68
1210,HE,113.8,68
1211,HE,113.9,68
1212,HE,114.0,68
1213,HE,114.1,68
1214,HE,114.2,68
1215,HE,114.3,68
1216,HE,114.4,68
1217,HE,114.5,68
1218,HE,114.6,68
1219,HE,114.7,68
1220,HE,114.8,69
1221,HE,114.9,69
1222,HE,115.0,69
1223,HE,115.1,69
1224,HE,115.2,69
1225,HE,115.3,69
1226,HE,115.4,69
1227,HE,115.5,69
1228,HE,115.6,69
1229,HE,115.7,69
1230,HE,115.8,69
1231,HE,115.9,69
1232,HE,116.0,69
1233,HE,116.1,69
1234,HE,116.2,70
1235,HE,116.3,70
1236,HE,116.4,70
1237,HE,116.5,70
1238,HE,116.6,70
1239,HE,116.7,70
1240,HE,116.8,70
1241,HE,116.9,70
1242,HE,117.0,70
1243,HE,117.1,70
1244,HE,117.2,70
1245,HE,117.3,70
1246,HE,117.4,70
1247,HE,117.5,70
1248,HE,117.6,70
1249,HE,117.7,71
1250,HE,117.8,71
1251,HE,117.9,71
1252,HE,118.0,71
1253,HE,118.1,71
1254,HE,118.2,71
1255,HE,118.3,71
1256,HE,118.4,71
1257,HE,118.5,71
1258,HE,118.6,71
1259,HE,118.7,71
1260,HE,118.8,71
1261,HE,118.9,71
1262,HE,119.0,71
1263,HE,119.1,72
1264,HE,119.2,72
1265,HE,119.3,72
1266,HE,119.4,72
1267,HE,119.5,72
1268,HE,119.6,72
1269,HE,119.7,72
1270,HE,119.8,72
1271,HE,119.9,72
1272,HE,120.0,72
1273,HE,120.1,72
1274,HE,120.2,72
1275,HE,120.3,72
1276,HE,120.4,72
1277,HE,120.5,72
1278,HE,120.6,73
1279,HE,120.7,73
1280,HE,120.8,73
1281,HE,120.9,73
1282,HE,121.0,73
1283,HE,121.1,73
1284,HE,121.2,73
1285,HE,121.3,73
1286,HE,121.4,73
1287,HE,121.5,73
1288,HE,121.6,73
1289,HE,121.7,73
1290,HE,121.8,73
1291,HE,121.9,73
1292,HE,122.0,74
1293,HE,122.1,74
1294,HE,122.2,74
1295,HE,122.3,74
1296,HE,122.4,74
1297,HE,122.5,74
1298,HE,122.6,74
1299,HE,122.7,74
1300,HE,122.8,74
1301,HE,122.9,74
1302,HE,123.0,74
1303,HE,123.1,74
1304,HE,123.2,74
1305,HE,123.3,74
1306,HE,123.4,75
1307,HE,123.5,75
1308,HE,123.6,75
1309,HE,123.7,75
1310,HE,123.8,75
1311,HE,123.9,75
1312,HE,124.0,75
1313,HE,124.1,75
1314,HE,124.2,75
1315,HE,124.3,75
1316,HE,124.4,75
1317,HE,124.5,75
1318,HE,124.6,75
1319,HE,124.7,75
1320,HE,124.8,75
1321,HE,124.9,76
1322,HE,125.0,76
1323,HE,125.1,76
1324,HE,125.2,76
1325,HE,125.3,76
1326,HE,125.4,76
1327,HE,125.5,76
1328,HE,125.6,76
1329,HE,125.7,76
1330,HE,125.8,76
1331,HE,125.9,76
1332,HE,126.0,76
1333,HE,126.1,76
1334,HE,126.2,76
1335,HE,126.3,77
1336,HE,126.4,77
1337,HE,126.5,77
1338,HE,126.6,77
1339,HE,126.7,77
1340,HE,126.8,77
1341,HE,126.9,77
1342,HE,127.0,77
1343,HE,127.1,77
1344,HE,127.2,77
1345,HE,127.3,77
1346,HE,127.4,77
1347,HE,127.5,77
1348,HE,127.6,77
1349,HE,127.7,77
1350,HE,127.8,78
1351,HE,127.9,78
1352,HE,128.0,78
1353,HE,128.1,78
1354,HE,128.2,78
1355,HE,128.3,78
1356,HE,128.4,78
1357,HE,128.5,78
1358,HE,128.6,78
1359,HE,128.7,78
1360,HE,128.8,78
1361,HE,128.9,78
1362,HE,129.0,78
1363,HE,129.1,78
1364,HE,129.2,79
1365,HE,129.3,79
1366,HE,129.4,79
1367,HE,129.5,79
1368,HE,129.6,79
1369,HE,129.7,79
1370,HE,129.8,79
1371,HE,129.9,79
1372,HE,130.0,79
1373,HE,130.1,79
1374,HE,130.2,79
1375,HE,130.3,79
1376,HE,130.4,79
1377,HE,130.5,79
1378,HE,130.6,79
1379,HE,130.7,80
1380,HE,130.8,80
1381,HE,130.9,80
1382,HE,131.0,80
1383,HE,131.1,80
1384,HE,131.2,80
1385,HE,131.3,80
1386,HE,131.4,80
1387,HE,131.5,80
1388,HE,131.6,80
1389,HE,131.7,80
1390,HE,131.8,80
1391,HE,131.9,80
1392,HE,132.0,80
1393,HE,132.1,81
1394,HE,132.2,81
1395,HE,132.3,81
1396,HE,132.4,81
1397,HE,132.5,81
1398,HE,132.6,81
1399,HE,132.7,81
1400,HE,132.8,81
1401,HE,132.9,81
1402,HE,133.0,81
1403,HE,133.1,81
1404,HE,133.2,81
1405,HE,133.3,81
1406,HE,133.4,81
1407,HE,133.5,81
1408,HE,133.6,82
1409,HE,133.7,82
1410,HE,133.8,82
1411,HE,133.9,82
1412,HE,134.0,82
1413,HE,134.1,82
1414,HE,134.2,82
1415,HE,134.3,82
1416,HE,134.4,82
1417,HE,134.5,82
1418,HE,134.6,82
1419,HE,134.7,82
1420,HE,134.8,82
1421,HE,134.9,82
1422,HE,135.0,83
1423,HE,135.1,83
1424,HE,135.2,83
1425,HE,135.3,83
1426,HE,135.4,83
1427,HE,135.5,83
1428,HE,135.6,83
1429,HE,135.7,83
1430,HE,135.8,83
1431,HE,135.9,83
1432,HE,136.0,83
1433,HE,136.1,83
1434,HE,136.2,83
1435,HE,136.3,83
1436,HE,136.4,83
1437,HE,136.5,84
1438,HE,136.6,84
1439,HE,136.7,84
1440,HE,136.8,84
1441,HE,136.9,84
1442,HE,137.0,84
1443,HE,137.1,84
1444,HE,137.2,84
1445,HE,137.3,84
1446,HE,137.4,84
1447,HE,137.5,84
1448,HE,137.6,84
1449,HE,137.7,84
1450,HE,137.8,84
1451,HE,137.9,85
1452,HE,138.0,85
1453,HE,138.1,85
1454,HE,138.2,85
1455,HE,138.3,85
1456,HE,138.4,85
1457,HE,138.5,85
1458,HE,138.6,85
1459,HE,138.7,85
1460,HE,138.8,85
1461,HE,138.9,85
1462,HE,139.0,85
1463,HE,139.1,85
1464,HE,139.2,85
1465,HE,139.3,86
1466,HE,139.4,86
1467,HE,139.5,86
1468,HE,139.6,86
1469,HE,139.7,86
1470,HE,139.8,86
1471,HE,139.9,86
1472,HE,140.0,86
1473,HE,140.1,86
1474,HE,140.2,86
1475,HE,140.3,86
1476,HE,140.4,86
1477,HE,140.5,86
1478,HE,140.6,86
1479,HE,140.7,86
1480,HE,140.8,87
1481,HE,140.9,87
1482,HE,141.0,87
1483,HE,141.1,87
1484,HE,141.2,87
1485,HE,141.3,87
1486,HE,141.4,87
1487,HE,141.5,87
1488,HE,141.6,87
1489,HE,141.7,87
1490,HE,141.8,87
1491,HE,141.9,87
1492,HE,142.0,87
1493,HE,142.1,87
1494,HE,142.2,88
1495,HE,142.3,88
1496,HE,142.4,88
1497,HE,142.5,88
1498,HE,142.6,88
1499,HE,142.7,88
1500,HE,142.8,88
1501,HE,142.9,88
1502,HE,143.0,88
1503,HE,143.1,88
1504,HE,143.2,88
1505,HE,143.3,88
1506,HE,143.4,88
1507,HE,143.5,88
1508,HE,143.6,88
1509,HE,143.7,89
1510,HE,143.8,89
1511,HE,143.9,89
1512,HE,144.0,89
1513,HE,144.1,89
1514,HE,144.2,89
1515,HE,144.3,89
1516,HE,144.4,89
1517,HE,144.5,89
1518,HE,144.6,89
1519,HE,144.7,89
1520,HE,144.8,89
1521,HE,144.9,89
1522,HE,145.0,89
1523,HE,145.1,90
1524,HE,145.2,90
1525,HE,145.3,90
1526,HE,145.4,90
1527,HE,145.5,90
1528,HE,145.6,90
1529,HE,145.7,90
1530,HE,145.8,90
1531,HE,145.9,90
1532,HE,146.0,90
1533,HE,146.1,90
1534,HE,146.2,90
1535,HE,146.3,90
1536,HE,146.4,90
1537,HE,146.5,90
1538,HE,146.6,91
1539,HE,146.7,91
1540,HE,146.8,91
1541,HE,146.9,91
1542,HE,147.0,91
1543,HE,147.1,91
1544,HE,147.2,91
1545,HE,147.3,91
1546,HE,147.4,91
1547,HE,147.5,91
1548,HE,147.6,91
1549,HE,147.7,91
1550,HE,147.8,91
1551,HE,147.9,91
1552,HE,148.0,92
1553,HE,148.1,92
1554,HE,148.2,92
1555,HE,148.3,92
1556,HE,148.4,92
1557,HE,148.5,92
1558,HE,148.6,92
1559,HE,148.7,92
1560,HE,148.8,92
1561,HE,148.9,92
1562,HE,149.0,92
1563,HE,149.1,92
1564,HE,149.2,92
1565,HE,149.3,92
1566,HE,149.4,92
1567,HE,149.5,93
1568,HE,149.6,93
1569,HE,149.7,93
1570,HE,149.8,93
1571,HE,149.9,93
1572,HE,150.0,93
1573,HE,150.1,93
1574,HE,150.2,93
1575,HE,150.3,93
1576,HE,150.4,93
1577,HE,150.5,93
1578,HE,150.6,93
1579,HE,150.7,93
1580,HE,150.8,93
1581,HE,150.9,94
1582,HE,151.0,94
1583,HE,151.1,94
1584,HE,151.2,94
1585,HE,151.3,94
1586,HE,151.4,94
1587,HE,151.5,94
1588,HE,151.6,94
1589,HE,151.7,94
1590,HE,151.8,94
1591,HE,151.9,94
1592,HE,152.0,94
1593,HE,152.1,94
1594,HE,152.2,94
1595,HE,152.3,94
1596,HE,152.4,95
1597,HE,152.5,95
1598,HE,152.6,95
1599,HE,152.7,95
1600,HE,152.8,95
1601,HE,152.9,95
1602,HE,153.0,95
1603,HE,153.1,95
1604,HE,153.2,95
1605,HE,153.3,95
1606,HE,153.4,95
1607,HE,153.5,95
1608,HE,153.6,95
1609,HE,153.7,95
1610,HE,153.8,96
1611,HE,153.9,96
1612,HE,154.0,96
1613,HE,154.1,96
1614,HE,154.2,96
1615,HE,154.3,96
1616,HE,154.4,96
1617,HE,154.5,96
1618,HE,154.6,96
1619,HE,154.7,96
1620,HE,154.8,96
1621,HE,154.9,96
1622,HE,155.0,96
1623,HE,155.1,96
1624,HE,155.2,97
1625,HE,155.3,97
1626,HE,155.4,97
1627,HE,155.5,97
1628,HE,155.6,97
1629,HE,155.7,97
1630,HE,155.8,97
1631,HE,155.9,97
1632,HE,156.0,97
1633,HE,156.1,97
1634,HE,156.2,97
1635,HE,156.3,97
1636,HE,156.4,97
1637,HE,156.5,97
1638,HE,156.6,97
1639,HE,156.7,98
1640,HE,156.8,98
1641,HE,156.9,98
1642,HE,157.0,98
1643,HE,157.1,98
1644,HE,157.2,98
1645,HE,157.3,98
1646,HE,157.4,98
1647,HE,157.5,98
1648,HE,157.6,98
1649,HE,157.7,98
1650,HE,157.8,98
1651,HE,157.9,98
1652,HE,158.0,98
1653,HE,158.1,99
1654,HE,158.2,99
1655,HE,158.3,99
1656,HE,158.4,99
1657,HE,158.5,99
1658,HE,158.6,99
1659,HE,158.7,99
1660,HE,158.8,99
1661,HE,158.9,99
1662,HE,159.0,99
1663,HE,159.1,99
1664,HE,159.2,99
1665,HE,159.3,99
1666,HE,159.4,99
1667,HE,159.5,99
1668,HE,159.6,100
1669,HE,159.7,100
1670,HE,159.8,100
1671,HE,159.9,100
1672,HE,160.0,100
1673,HE,160.1,100
1674,HE,160.2,100
1675,HE,160.3,100
1676,HE,160.4,100
1677,HE,160.5,100
1678,HE,160.6,100
1679,HE,160.7,100
1680,HE,160.8,100
1681,HE,160.9,100
1682,HE,161.0,101
1683,HE,161.1,101
1684,HE,161.2,101
1685,HE,161.3,101
1686,HE,161.4,101
1687,HE,161.5,101
1688,HE,161.6,101
1689,HE,161.7,101
1690,HE,161.8,101
1691,HE,161.9,101
1692,HE,162.0,101
1693,HE,162.1,101
1694,HE,162.2,101
1695,HE,162.3,101
1696,HE,162.4,101
1697,HE,162.5,102
1698,HE,162.6,102
1699,HE,162.7,102
1700,HE,162.8,102
1701,HE,162.9,102
1702,HE,163.0,102
1703,HE,163.1,102
1704,HE,163.2,102
1705,HE,163.3,102
1706,HE,163.4,102
1707,HE,163.5,102
1708,HE,163.6,102
1709,HE,163.7,102
1710,HE,163.8,102
1711,HE,163.9,103
1712,HE,164.0,103
1713,HE,164.1,103
1714,HE,164.2,103
1715,HE,164.3,103
1716,HE,164.4,103
1717,HE,164.5,103
1718,HE,164.6,103
1719,HE,164.7,103
1720,HE,164.8,103
1721,HE,164.9,103
1722,HE,165.0,103
1723,HE,165.1,103
1724,HE,165.2,103
1725,HE,165.3,103
1726,HE,165.4,104
1727,HE,165.5,104
1728,HE,165.6,104
1729,HE,165.7,104
1730,HE,165.8,104
1731,HE,165.9,104
1732,HE,166.0,104
1733,HE,166.1,104
1734,HE,166.2,104
1735,HE,166.3,104
1736,HE,166.4,104
1737,HE,166.5,104
1738,HE,166.6,104
1739,HE,166.7,104
1740,HE,166.8,105
1741,HE,166.9,105
1742,HE,167.0,105
1743,HE,167.1,105
1744,HE,167.2,105
1745,HE,167.3,105
1746,HE,167.4,105
1747,HE,167.5,105
1748,HE,167.6,105
1749,HE,167.7,105
1750,HE,167.8,105
1751,HE,167.9,105
1752,HE,168.0,105
1753,HE,168.1,105
1754,HE,168.2,105
1755,HE,168.3,106
1756,HE,168.4,106
1757,HE,168.5,106
1758,HE,168.6,106
1759,HE,168.7,106
1760,HE,168.8,106
1761,HE,168.9,106
1762,HE,169.0,106
1763,HE,169.1,106
1764,HE,169.2,106
1765,HE,169.3,106
1766,HE,169.4,106
1767,HE,169.5,106
1768,HE,169.6,106
1769,HE,169.7,107
1770,HE,169.8,107
1771,HE,169.9,107
1772,HE,170.0,107
1773,HE,170.1,107
1774,HE,170.2,107
1775,HE,170.3,107
1776,HE,170.4,107
1777,HE,170.5,107
1778,HE,170.6,107
1779,HE,170.7,107
1780,HE,170.8,107
1781,HE,170.9,107
1782,HE,171.0,107
1783,HE,171.1,108
1784,HE,171.2,108
1785,HE,171.3,108
1786,HE,171.4,108
1787,HE,171.5,108
1788,HE,171.6,108
1789,HE,171.7,108
1790,HE,171.8,108
1791,HE,171.9,108
1792,HE,172.0,108
1793,HE,172.1,108
1794,HE,172.2,108
1795,HE,172.3,108
1796,HE,172.4,108
1797,HE,172.5,108
1798,HE,172.6,109
1799,HE,172.7,109
1800,HE,172.8,109
1801,HE,172.9,109
1802,HE,173.0,109
1803,HE,173.1,109
1804,HE,173.2,109
1805,HE,173.3,109
1806,HE,173.4,109
1807,HE,173.5,109
1808,HE,173.6,109
1809,HE,173.7,109
1810,HE,173.8,109
1811,HE,173.9,109
1812,HE,174.0,110
1813,HE,174.1,110
1814,HE,174.2,110
1815,HE,174.3,110
1816,HE,174.4,110
1817,HE,174.5,110
1818,HE,174.6,110
1819,HE,174.7,110
1820,HE,174.8,110
1821,HE,174.9,110
1822,HE,175.0,110
1823,HE,175.1,110
1824,HE,175.2,110
1825,HE,175.3,110
1826,HE,175.4,110
1827,HE,175.5,111
1828,HE,175.6,111
1829,HE,175.7,111
1830,HE,175.8,111
1831,HE,175.9,111
1832,HE,176.0,111
1833,HE,176.1,111
1834,HE,176.2,111
1835,HE,176.3,111
1836,HE,176.4,111
1837,HE,176.5,111
1838,HE,176.6,111
1839,HE,176.7,111
1840,HE,176.8,111
1841,HE,176.9,112
1842,HE,177.0,112
1843,HE,177.1,112
1844,HE,177.2,112
1845,HE,177.3,112
1846,HE,177.4,112
1847,HE,177.5,112
1848,HE,177.6,112
1849,HE,177.7,112
1850,HE,177.8,112
1851,HE,177.9,112
1852,HE,178.0,112
1853,HE,178.1,112
1854,HE,178.2,112
1855,HE,178.3,112
1856,HE,178.4,113
1857,HE,178.5,113
1858,HE,178.6,113
1859,HE,178.7,113
1860,HE,178.8,113
1861,HE,178.9,113
1862,HE,179.0,113
1863,HE,179.1,113
1864,HE,179.2,113
1865,HE,179.3,113
1866,HE,179.4,113
1867,HE,179.5,113
1868,HE,179.6,113
1869,HE,179.7,113
1870,HE,179.8,114
1871,HE,179.9,114
1872,HE,180.0,114
1873,HE,180.1,114
1874,HE,180.2,114
1875,HE,180.3,114
1876,HE,180.4,114
1877,HE,180.5,114
1878,HE,180.6,114
1879,HE,180.7,114
1880,HE,180.8,114
1881,HE,180.9,114
1882,HE,181.0,114
1883,HE,181.1,114
1884,HE,181.2,114
1885,HE,181.3,115
1886,HE,181.4,115
1887,HE,181.5,115
1888,HE,181.6,115
1889,HE,181.7,115
1890,HE,181.8,115
1891,HE,181.9,115
1892,HE,182.0,115
1893,HE,182.1,115
1894,HE,182.2,115
1895,HE,182.3,115
1896,HE,182.4,115
1897,HE,182.5,115
1898,HE,182.6,115
1899,HE,182.7,116
1900,HE,182.8,116
1901,HE,182.9,116
1902,HE,183.0,116
1903,HE,183.1,116
1904,HE,183.2,116
1905,HE,183.3,116
1906,HE,183.4,116
1907,HE,183.5,116
1908,HE,183.6,116
1909,HE,183.7,116
1910,HE,183.8,116
1911,HE,183.9,116
1912,HE,184.0,116
1913,HE,184.1,116
1914,HE,184.2,117
1915,HE,184.3,117
1916,HE,184.4,117
1917,HE,184.5,117
1918,HE,184.6,117
1919,HE,184.7,117
1920,HE,184.8,117
1921,HE,184.9,117
1922,HE,185.0,117
1923,HE,185.1,117
1924,HE,185.2,117
1925,HE,185.3,117
1926,HE,185.4,117
1927,HE,185.5,117
1928,HE,185.6,118
1929,HE,185.7,118
1930,HE,185.8,118
1931,HE,185.9,118
1932,HE,186.0,118
1933,HE,186.1,118
1934,HE,186.2,118
1935,HE,186.3,118
1936,HE,186.4,118
1937,HE,186.5,118
1938,HE,186.6,118
1939,HE,186.7,118
1940,HE,186.8,118
1941,HE,186.9,118
1942,HE,187.0,119
1943,HE,187.1,119
1944,HE,187.2,119
1945,HE,187.3,119
1946,HE,187.4,119
1947,HE,187.5,119
1948,HE,187.6,119
1949,HE,187.7,119
1950,HE,187.8,119
1951,HE,187.9,119
1952,HE,188.0,119
1953,HE,188.1,119
1954,HE,188.2,119
1955,HE,188.3,119
1956,HE,188.4,119
1957,HE,188.5,120
1958,HE,188.6,120
1959,HE,188.7,120
1960,HE,188.8,120
1961,HE,188.9,120
1962,HE,189.0,120
1963,HE,189.1,120
1964,HE,189.2,120
1965,HE,189.3,120
1966,HE,189.4,120
1967,HE,189.5,120
1968,HE,189.6,120
1969,HE,189.7,120
1970,HE,189.8,120
1971,HE,189.9,121
1972,HE,190.0,121
1973,HE,190.1,121
1974,HE,190.2,121
1975,HE,190.3,121
1976,HE,190.4,121
1977,HE,190.5,121
1978,HE,190.6,121
1979,HE,190.7,121
1980,HE,190.8,121
1981,HE,190.9,121
1982,HE,191.0,121
1983,HE,191.1,121
1984,HE,191.2,121
1985,HE,191.3,121
1986,HE,191.4,122
1987,HE,191.5,122
1988,HE,191.6,122
1989,HE,191.7,122
1990,HE,191.8,122
1991,HE,191.9,122
1992,HE,192.0,122
1993,HE,192.1,122
1994,HE,192.2,122
1995,HE,192.3,122
1996,HE,192.4,122
1997,HE,192.5,122
1998,HE,192.6,122
1999,HE,192.7,122
2000,HE,192.8,123
2001,HE,192.9,123
2002,HE,193.0,123
2003,HE,193.1,123
2004,HE,193.2,123
2005,HE,193.3,123
2006,HE,193.4,123
2007,HE,193.5,123
2008,HE,193.6,123
2009,HE,193.7,123
2010,HE,193.8,123
2011,HE,193.9,123
2012,HE,194.0,123
2013,HE,194.1,123
2014,HE,194.2,123
2015,HE,194.3,124
2016,HE,194.4,124
2017,HE,194.5,124
2018,HE,194.6,124
2019,HE,194.7,124
2020,HE,194.8,124
2021,HE,194.9,124
2022,HE,195.0,124
2023,HE,195.1,124
2024,HE,195.2,124
2025,HE,195.3,124
2026,HE,195.4,124
2027,HE,195.5,124
2028,HE,195.6,124
2029,HE,195.7,125
2030,HE,195.8,125
2031,HE,195.9,125
2032,HE,196.0,125
2033,HE,196.1,125
2034,HE,196.2,125
2035,HE,196.3,125
2036,HE,196.4,125
2037,HE,196.5,125
2038,HE,196.6,125
2039,HE,196.7,125
2040,HE,196.8,125
2041,HE,196.9,125
2042,HE,197.0,125
2043,HE,197.1,125
2044,HE,197.2,126
2045,HE,197.3,126
2046,HE,197.4,126
2047,HE,197.5,126
2048,HE,197.6,126
2049,HE,197.7,126
2050,HE,197.8,126
2051,HE,197.9,126
2052,HE,198.0,126
2053,HE,198.1,126
2054,HE,198.2,126
2055,HE,198.3,126
2056,HE,198.4,126
2057,HE,198.5,126
2058,HE,198.6,127
2059,HE,198.7,127
2060,HE,198.8,127
2061,HE,198.9,127
2062,HE,199.0,127
2063,HE,199.1,127
2064,HE,199.2,127
2065,HE,199.3,127
2066,HE,199.4,127
2067,HE,199.5,127
2068,HE,199.6,127
2069,HE,199.7,127
2070,HE,199.8,127
2071,HE,199.9,127
2072,HE,200.0,128
2073,HE,200.1,128
2074,HE,200.2,128
2075,HE,200.3,128
2076,HE,200.4,128
2077,HE,200.5,128
2078,HE,200.6,128
2079,HE,200.7,128
2080,HE,200.8,128
2081,HE,200.9,128
2082,HE,201.0,128
2083,HE,201.1,128
2084,HE,201.2,128
2085,HE,201.3,128
2086,HE,201.4,128
2087,HE,201.5,129
2088,HE,201.6,129
2089,HE,201.7,129
2090,HE,201.8,129
2091,HE,201.9,129
2092,HE,202.0,129
2093,HE,202.1,129
2094,HE,202.2,129
2095,HE,202.3,129
2096,HE,202.4,129
2097,HE,202.5,129
2098,HE,202.6,129
2099,HE,202.7,129
2100,HE,202.8,129
2101,HE,202.9,130
2102,HE,203.0,130
2103,HE,203.1,130
2104,HE,203.2,130
2105,HE,203.3,130
2106,HE,203.4,130
2107,HE,203.5,130
2108,HE,203.6,130
2109,HE,203.7,130
2110,HE,203.8,130
2111,HE,203.9,130
2112,HE,204.0,130
2113,HE,204.1,130
2114,HE,204.2,130
2115,HE,204.3,130
2116,HE,204.4,131
2117,HE,204.5,131
2118,HE,204.6,131
2119,HE,204.7,131
2120,HE,204.8,131
2121,HE,204.9,131
2122,HE,205.0,131
2123,HE,205.1,131
2124,HE,205.2,131
2125,HE,205.3,131
2126,HE,205.4,131
2127,HE,205.5,131
2128,HE,205.6,131
2129,HE,205.7,131
2130,HE,205.8,132
2131,HE,205.9,132
2132,HE,206.0,132
2133,HE,206.1,132
2134,HE,206.2,132
2135,HE,206.3,132
2136,HE,206.4,132
2137,HE,206.5,132
2138,HE,206.6,132
2139,HE,206.7,132
2140,HE,206.8,132
2141,HE,206.9,132
2142,HE,207.0,132
2143,HE,207.1,132
2144,HE,207.2,132
2145,HE,207.3,133
2146,HE,207.4,133
2147,HE,207.5,133
2148,HE,207.6,133
2149,HE,207.7,133
2150,HE,207.8,133
2151,HE,207.9,133
2152,HE,208.0,133
2153,HE,208.1,133
2154,HE,208.2,133
2155,HE,208.3,133
2156,HE,208.4,133
2157,HE,208.5,133
2158,HE,208.6,133
2159,HE,208.7,134
2160,HE,208.8,134
2161,HE,208.9,134
2162,HE,209.0,134
2163,HE,209.1,134
2164,HE,209.2,134
2165,HE,209.3,134
2166,HE,209.4,134
2167,HE,209.5,134
2168,HE,209.6,134
2169,HE,209.7,134
2170,HE,209.8,134
2171,HE,209.9,134
2172,HE,210.0,134
2173,HE,210.1,134
2174,HE,210.2,135
2175,HE,210.3,135
2176,HE,210.4,135
2177,HE,210.5,135
2178,HE,210.6,135
2179,HE,210.7,135
2180,HE,210.8,135
2181,HE,210.9,135
2182,HE,211.0,135
2183,HE,211.1,135
2184,HE,211.2,135
2185,HE,211.3,135
2186,HE,211.4,135
2187,HE,211.5,135
2188,HE,211.6,136
2189,HE,211.7,136
2190,HE,211.8,136
2191,HE,211.9,136
2192,HE,212.0,136
2193,HE,212.1,136
2194,HE,212.2,136
2195,HE,212.3,136
2196,HE,212.4,136
2197,HE,212.5,136
2198,HE,212.6,136
2199,HE,212.7,136
2200,HE,212.8,136
2201,HE,212.9,136
2202,HE,213.0,136
2203,HE,213.1,137
2204,HE,213.2,137
2205,HE,213.3,137
2206,HE,213.4,137
2207,HE,213.5,137
2208,HE,213.6,137
2209,HE,213.7,137
2210,HE,213.8,137
2211,HE,213.9,137
2212,HE,214.0,137
2213,HE,214.1,137
2214,HE,214.2,137
2215,HE,214.3,137
2216,HE,214.4,137
2217,HE,214.5,138
2218,HE,214.6,138
2219,HE,214.7,138
2220,HE,214.8,138
2221,HE,214.9,138
2222,HE,215.0,138
2223,HE,215.1,138
2224,HE,215.2,138
2225,HE,215.3,138
2226,HE,215.4,138
2227,HE,215.5,138
2228,HE,215.6,138
2229,HE,215.7,138
2230,HE,215.8,138
2231,HE,215.9,139
2232,HE,216.0,139
2233,HE,216.1,139
2234,HE,216.2,139
2235,HE,216.3,139
2236,HE,216.4,139
2237,HE,216.5,139
2238,HE,216.6,139
2239,HE,216.7,139
2240,HE,216.8,139
2241,HE,216.9,139
2242,HE,217.0,139
2243,HE,217.1,139
2244,HE,217.2,139
2245,HE,217.3,139
2246,HE,217.4,140
2247,HE,217.5,140
2248,HE,217.6,140
2249,HE,217.7,140
2250,HE,217.8,140
2251,HE,217.9,140
2252,HE,218.0,140
2253,HE,218.1,140
2254,HE,218.2,140
2255,HE,218.3,140
2256,HE,218.4,140
2257,HE,218.5,140
2258,HE,218.6,140
2259,HE,218.7,140
2260,HE,218.8,141
2261,HE,218.9,141
2262,HE,219.0,141
2263,HE,219.1,141
2264,HE,219.2,141
2265,HE,219.3,141
2266,HE,219.4,141
2267,HE,219.5,141
2268,HE,219.6,141
2269,HE,219.7,141
2270,HE,219.8,141
2271,HE,219.9,141
2272,HE,220.0,141
2273,HE,220.1,141
2274,HE,220.2,141
2275,HE,220.3,142
2276,HE,220.4,142
2277,HE,220.5,142
2278,HE,220.6,142
2279,HE,220.7,142
2280,HE,220.8,142
2281,HE,220.9,142
2282,HE,221.0,142
2283,HE,221.1,142
2284,HE,221.2,142
2285,HE,221.3,142
2286,HE,221.4,142
2287,HE,221.5,142
2288,HE,221.6,142
2289,HE,221.7,143
2290,HE,221.8,143
2291,HE,221.9,143
2292,HE,222.0,143
2293,HE,222.1,143
2294,HE,222.2,143
2295,HE,222.3,143
2296,HE,222.4,143
2297,HE,222.5,143
2298,HE,222.6,143
2299,HE,222.7,143
2300,HE,222.8,143
2301,HE,222.9,143
2302,HE,223.0,143
2303,HE,223.1,143
2304,HE,223.2,144
2305,HE,223.3,144
2306,HE,223.4,144
2307,HE,223.5,144
2308,HE,223.6,144
2309,HE,223.7,144
2310,HE,223.8,144
2311,HE,223.9,144
2312,HE,224.0,144
2313,HE,224.1,144
2314,HE,224.2,144
2315,HE,224.3,144
2316,HE,224.4,144
2317,HE,224.5,144
2318,HE,224.6,145
2319,HE,224.7,145
2320,HE,224.8,145
2321,HE,224.9,145
2322,HE,225.0,145
2323,HE,225.1,145
2324,HE,225.2,145
2325,HE,225.3,145
2326,HE,225.4,145
2327,HE,225.5,145
2328,HE,225.6,145
2329,HE,225.7,145
2330,HE,225.8,145
2331,HE,225.9,145
2332,HE,226.0,145
2333,HE,226.1,146
2334,HE,226.2,146
2335,HE,226.3,146
2336,HE,226.4,146
2337,HE,226.5,146
2338,HE,226.6,146
2339,HE,226.7,146
2340,HE,226.8,146
2341,HE,226.9,146
2342,HE,227.0,146
2343,HE,227.1,146
2344,HE,227.2,146
2345,HE,227.3,146
2346,HE,227.4,146
2347,HE,227.5,147
2348,HE,227.6,147
2349,HE,227.7,147
2350,HE,227.8,147
2351,HE,227.9,147
2352,HE,228.0,147
2353,HE,228.1,147
2354,HE,228.2,147
2355,HE,228.3,147
2356,HE,228.4,147
2357,HE,228.5,147
2358,HE,228.6,147
2359,HE,228.7,147
2360,HE,228.8,147
2361,HE,228.9,147
2362,HE,229.0,148
2363,HE,229.1,148
2364,HE,229.2,148
2365,HE,229.3,148
2366,HE,229.4,148
2367,HE,229.5,148
2368,HE,229.6,148
2369,HE,229.7,148
2370,HE,229.8,148
2371,HE,229.9,148
2372,HE,230.0,148
2373,HE,230.1,148
2374,HE,230.2,148
2375,HE,230.3,148
2376,HE,230.4,149
2377,HE,230.5,149
2378,HE,230.6,149
2379,HE,230.7,149
2380,HE,230.8,149
2381,HE,230.9,149
2382,HE,231.0,149
2383,HE,231.1,149
2384,HE,231.2,149
2385,HE,231.3,149
2386,HE,231.4,149
2387,HE,231.5,149
2388,HE,231.6,149
2389,HE,231.7,149
2390,HE,231.8,150
2391,HE,231.9,150
2392,HE,232.0,150
2393,HE,232.1,150
2394,HE,232.2,150
2395,HE,232.3,150
2396,HE,232.4,150
2397,HE,232.5,150
2398,HE,232.6,150
2399,HE,232.7,150
2400,HE,232.8,150
2401,HE,232.9,150
2402,HE,233.0,150
2403,HE,233.1,150
2404,HE,233.2,150
2405,HE,233.3,151
2406,HE,233.4,151
2407,HE,233.5,151
2408,HE,233.6,151
2409,HE,233.7,151
2410,HE,233.8,151
2411,HE,233.9,151
2412,HE,234.0,151
2413,HE,234.1,151
2414,HE,234.2,151
2415,HE,234.3,151
2416,HE,234.4,151
2417,HE,234.5,151
2418,HE,234.6,151
2419,HE,234.7,152
2420,HE,234.8,152
2421,HE,234.9,152
2422,HE,235.0,152
2423,HE,235.1,152
2424,HE,235.2,152
2425,HE,235.3,152
2426,HE,235.4,152
2427,HE,235.5,152
2428,HE,235.6,152
2429,HE,235.7,152
2430,HE,235.8,152
2431,HE,235.9,152
2432,HE,236.0,152
2433,HE,236.1,152
2434,HE,236.2,153
2435,HE,236.3,153
2436,HE,236.4,153
2437,HE,236.5,153
2438,HE,236.6,153
2439,HE,236.7,153
2440,HE,236.8,153
2441,HE,236.9,153
2442,HE,237.0,153
2443,HE,237.1,153
2444,HE,237.2,153
2445,HE,237.3,153
2446,HE,237.4,153
2447,HE,237.5,153
2448,HE,237.6,154
2449,HE,237.7,154
2450,HE,237.8,154
2451,HE,237.9,154
2452,HE,238.0,154
2453,HE,238.1,154
2454,HE,238.2,154
2455,HE,238.3,154
2456,HE,238.4,154
2457,HE,238.5,154
2458,HE,238.6,154
2459,HE,238.7,154
2460,HE,238.8,154
2461,HE,238.9,154
2462,HE,239.0,154
2463,HE,239.1,155
2464,HE,239.2,155
2465,HE,239.3,155
2466,HE,239.4,155
2467,HE,239.5,155
2468,HE,239.6,155
2469,HE,239.7,155
2470,HE,239.8,155
2471,HE,239.9,155
2472,HE,240.0,155
2473,HE,240.1,155
2474,HE,240.2,155
2475,HE,240.3,155
2476,HE,240.4,155
2477,HE,240.5,156
2478,HE,240.6,156
2479,HE,240.7,156
2480,HE,240.8,156
2481,HE,240.9,156
2482,HE,241.0,156
2483,HE,241.1,156
2484,HE,241.2,156
2485,HE,241.3,156
2486,HE,241.4,156
2487,HE,241.5,156
2488,HE,241.6,156
2489,HE,241.7,156
2490,HE,241.8,156
2491,HE,241.9,156
2492,HE,242.0,157
2493,HE,242.1,157
2494,HE,242.2,157
2495,HE,242.3,157
2496,HE,242.4,157
2497,HE,242.5,157
2498,HE,242.6,157
2499,HE,242.7,157
2500,HE,242.8,157
2501,HE,242.9,157
2502,HE,243.0,157
2503,HE,243.1,157
2504,HE,243.2,157
2505,HE,243.3,157
2506,HE,243.4,158
2507,HE,243.5,158
2508,HE,243.6,158
2509,HE,243.7,158
2510,HE,243.8,158
2511,HE,243.9,158
2512,HE,244.0,158
2513,HE,244.1,158
2514,HE,244.2,158
2515,HE,244.3,158
2516,HE,244.4,158
2517,HE,244.5,158
2518,HE,244.6,158
2519,HE,244.7,158
2520,HE,244.8,158
2521,HE,244.9,159
2522,HE,245.0,159
2523,HE,245.1,159
2524,HE,245.2,159
2525,HE,245.3,159
2526,HE,245.4,159
2527,HE,245.5,159
2528,HE,245.6,159
2529,HE,245.7,159
2530,HE,245.8,159
2531,HE,245.9,159
2532,HE,246.0,159
2533,HE,246.1,159
2534,HE,246.2,159
2535,HE,246.3,160
2536,HE,246.4,160
2537,HE,246.5,160
2538,HE,246.6,160
2539,HE,246.7,160
2540,HE,246.8,160
2541,HE,246.9,160
2542,HE,247.0,160
2543,HE,247.1,160
2544,HE,247.2,160
2545,HE,247.3,160
2546,HE,247.4,160
2547,HE,247.5,160
2548,HE,247.6,160
2549,HE,247.7,161
2550,HE,247.8,161
2551,HE,247.9,161
2552,HE,248.0,161
2553,HE,248.1,161
2554,HE,248.2,161
2555,HE,248.3,161
2556,HE,248.4,161
2557,HE,248.5,161
2558,HE,248.6,161
2559,HE,248.7,161
2560,HE,248.8,161
2561,HE,248.9,161
2562,HE,249.0,161
2563,HE,249.1,161
2564,HE,249.2,162
2565,HE,249.3,162
2566,HE,249.4,162
2567,HE,249.5,162
2568,HE,249.6,162
2569,HE,249.7,162
2570,HE,249.8,162
2571,HE,249.9,162
2572,HE,250.0,162
